{
    "data": {
        "chiefBonus": {
            "1454001": [
                {
                    "chiefAvatarUrl": "http://p0.meituan.net/movie/9a9aa493bdb0951482353ecf7f38895756705.jpg",
                    "chiefName": "王耀庆"
                },
                {
                    "chiefAvatarUrl": "http://p0.meituan.net/movie/28a560c3b57bf496db696da48646a3cf70830.jpg",
                    "chiefName": "蔡凡熙"
                },
                {
                    "chiefAvatarUrl": "http://p1.meituan.net/movie/1a66f16d5b82723250c48b7d3107a18a55902.jpg",
                    "chiefName": "许光汉"
                },
                {
                    "chiefAvatarUrl": "http://p1.meituan.net/movie/d555c038f55edb8a44b320e702c1e9dd59396.jpg",
                    "chiefName": "何蓝逗"
                }
            ]
        },
        "coming": [],
        "hot": [
            {
                "bingeWatch": 0,
                "boxInfo": "上映16天，累计票房402707万",
                "cat": "悬疑,喜剧,剧情",
                "civilPubSt": 0,
                "comingTitle": "1月22日 周日",
                "desc": "主演:沈腾,易烊千玺,张译",
                "dir": "张艺谋",
                "dur": 159,
                "effectShowNum": 0,
                "followst": 0,
                "globalReleased": true,
                "haspromotionTag": false,
                "headLineShow": false,
                "id": 1462626,
                "img": "https://p0.pipi.cn/mmdb/fb7386be71f338230f2c950d56dc71d3edec0.jpg?imageMogr2/thumbnail/2500x2500%3E",
                "isRevival": false,
                "late": false,
                "localPubSt": 0,
                "mark": false,
                "mk": 9.5,
                "movieType": 0,
                "nm": "满江红",
                "pn": 99,
                "preSale": 0,
                "preShow": false,
                "proScore": 0,
                "proScoreNum": 0,
                "pubDate": 1674316800000,
                "pubDesc": "2023-01-22 09:00中国大陆上映",
                "pubShowNum": 0,
                "recentShowDate": 1675612800000,
                "recentShowNum": 0,
                "rt": "2023-01-22",
                "sc": 9.5,
                "scm": "绝版阵容够惊喜，反转好戏戳人心",
                "scoreLabel": "猫眼购票评分",
                "showCinemaNum": 117,
                "showInfo": "今天117家影院放映1299场",
                "showNum": 1299,
                "showStateButton": {
                    "color": "#F03D37",
                    "content": "购票",
                    "onlyPreShow": false
                },
                "showTimeInfo": "2023-01-22上映",
                "showst": 3,
                "snum": 1103370,
                "star": "沈腾,易烊千玺,张译",
                "totalShowNum": 2050,
                "ver": "IMAX 2D/杜比影院 2D/中国巨幕2D/CINITY 2D/2D/4DX/全景声",
                "videoId": 493716,
                "videoName": "张艺谋电影《满江红》曝“朱颜风骨”版预告 新人演员王佳怡演绎家国大义撼动人心",
                "videourl": "https://vod.pipi.cn/fec9203cvodtransbj1251246104/a991dee9243791579001634520/v.f42906.mp4",
                "vnum": 16,
                "vodPlay": false,
                "wish": 1099489,
                "wishst": 0
            },
            {
                "bingeWatch": 0,
                "boxInfo": "上映16天，累计票房340371万",
                "cat": "科幻,冒险,灾难",
                "civilPubSt": 0,
                "comingTitle": "1月22日 周日",
                "desc": "主演:吴京,刘德华,李雪健",
                "dir": "郭帆",
                "dur": 173,
                "effectShowNum": 0,
                "followst": 0,
                "fra": "美国,加拿大,新加坡,英国,中国香港,中国澳门",
                "frt": "2023-01-22 00:00:00,2023-01-22 00:00:00,2023-01-22 00:00:00,2023-01-22 00:00:00,2023-02-09 00:00:00,2023-02-09 00:00:00",
                "globalReleased": true,
                "haspromotionTag": false,
                "headLineShow": false,
                "id": 1366696,
                "img": "https://p0.pipi.cn/mmdb/fb73868d9ab923338f300ba4e3ad51eb64f40.jpg?imageMogr2/thumbnail/2500x2500%3E",
                "isRevival": false,
                "late": false,
                "localPubSt": 0,
                "mark": false,
                "mk": 9.3,
                "movieType": 0,
                "nm": "流浪地球2",
                "pn": 165,
                "preSale": 0,
                "preShow": false,
                "proScore": 0,
                "proScoreNum": 0,
                "pubDate": 1674316800000,
                "pubDesc": "2023-01-22 09:00中国大陆上映",
                "pubShowNum": 0,
                "recentShowDate": 1675612800000,
                "recentShowNum": 0,
                "rt": "2023-01-22",
                "sc": 9.3,
                "scm": "",
                "scoreLabel": "猫眼购票评分",
                "showCinemaNum": 117,
                "showInfo": "今天117家影院放映1267场",
                "showNum": 1267,
                "showStateButton": {
                    "color": "#F03D37",
                    "content": "购票",
                    "onlyPreShow": false
                },
                "showTimeInfo": "2023-01-22上映",
                "showst": 3,
                "snum": 737018,
                "star": "吴京,刘德华,李雪健",
                "totalShowNum": 2073,
                "ver": "IMAX 2D/杜比影院 2D/中国巨幕2D/CINITY 2D/2D/4DX/全景声",
                "videoId": 493937,
                "videoName": "电影《流浪地球2》发布“小破球的流浪日记”郑州青岛路演特辑",
                "videourl": "https://vod.pipi.cn/d5457264vodtranscq1251246104/77b8c67d243791579007676546/v.f42905.mp4",
                "vnum": 25,
                "vodPlay": false,
                "wish": 1214895,
                "wishst": 0
            },
            {
                "bingeWatch": 0,
                "boxInfo": "上映2天，累计票房3423万",
                "cat": "犯罪,剧情,动作",
                "civilPubSt": 0,
                "comingTitle": "2月5日 周日",
                "desc": "主演:郭富城,梁朝伟,杜鹃",
                "dir": "翁子光",
                "dur": 143,
                "effectShowNum": 0,
                "followst": 0,
                "globalReleased": true,
                "haspromotionTag": false,
                "headLineShow": false,
                "id": 1203426,
                "img": "https://p0.pipi.cn/mmdb/fb7386be71fdddbe1216bda9fa50df5c26ecd.jpg?imageMogr2/thumbnail/2500x2500%3E",
                "isRevival": false,
                "late": false,
                "localPubSt": 0,
                "mark": false,
                "mk": 0,
                "movieType": 0,
                "nm": "风再起时",
                "pn": 110,
                "preSale": 0,
                "preShow": false,
                "proScore": 0,
                "proScoreNum": 0,
                "pubDate": 1675526400000,
                "pubDesc": "2023-02-05 09:00中国大陆上映",
                "pubShowNum": 0,
                "recentShowDate": 1675612800000,
                "recentShowNum": 0,
                "rt": "2023-02-05",
                "sc": 0,
                "scm": "郭富城梁朝伟双影帝首次银幕对决",
                "scoreLabel": "暂无评分",
                "showCinemaNum": 95,
                "showInfo": "今天95家影院放映244场",
                "showNum": 244,
                "showStateButton": {
                    "color": "#F03D37",
                    "content": "购票",
                    "onlyPreShow": false
                },
                "showTimeInfo": "2023-02-05上映",
                "showst": 3,
                "snum": 20740,
                "star": "郭富城,梁朝伟,杜鹃",
                "totalShowNum": 212,
                "ver": "中国巨幕2D/CINITY 2D/2D/全景声",
                "videoId": 493890,
                "videoName": "电影《风再起时》终极预告",
                "videourl": "https://vod.pipi.cn/fec9203cvodtransbj1251246104/52b53562243791579187841863/v.f42905.mp4",
                "vnum": 5,
                "vodPlay": false,
                "wish": 271578,
                "wishst": 0
            },
            {
                "bingeWatch": 0,
                "boxInfo": "上映16天，累计票房127265万",
                "cat": "动画,喜剧,科幻",
                "civilPubSt": 0,
                "comingTitle": "1月22日 周日",
                "desc": "主演:张秉君,谭笑,张伟",
                "dir": "林永长,邵和麒",
                "dur": 96,
                "effectShowNum": 0,
                "followst": 0,
                "globalReleased": true,
                "haspromotionTag": false,
                "headLineShow": false,
                "id": 1479130,
                "img": "https://p0.pipi.cn/mmdb/fb73868d9abf2a17898077a200b110bcf808b.jpg?imageMogr2/thumbnail/2500x2500%3E",
                "isRevival": false,
                "late": false,
                "localPubSt": 0,
                "mark": false,
                "mk": 9.3,
                "movieType": 0,
                "nm": "熊出没·伴我“熊芯”",
                "pn": 30,
                "preSale": 0,
                "preShow": false,
                "proScore": 0,
                "proScoreNum": 0,
                "pubDate": 1674316800000,
                "pubDesc": "2023-01-22 09:00中国大陆上映",
                "pubShowNum": 0,
                "recentShowDate": 1675612800000,
                "recentShowNum": 0,
                "rt": "2023-01-22",
                "sc": 9.3,
                "scm": "",
                "scoreLabel": "猫眼购票评分",
                "showCinemaNum": 98,
                "showInfo": "今天98家影院放映281场",
                "showNum": 281,
                "showStateButton": {
                    "color": "#F03D37",
                    "content": "购票",
                    "onlyPreShow": false
                },
                "showTimeInfo": "2023-01-22上映",
                "showst": 3,
                "snum": 251713,
                "star": "张秉君,谭笑,张伟",
                "totalShowNum": 218,
                "ver": "CINITY 3D/3D/2D",
                "videoId": 493347,
                "videoName": "《熊出没·伴我“熊芯”》终极预告 熊大熊二开启找妈妈大冒险",
                "videourl": "https://vod.pipi.cn/43903a81vodtransgzp1251246104/442a61ff243791578669084614/v.f42905.mp4",
                "vnum": 5,
                "vodPlay": false,
                "wish": 431430,
                "wishst": 0
            },
            {
                "bingeWatch": 0,
                "boxInfo": "上映16天，累计票房67796万",
                "cat": "奇幻,动画",
                "civilPubSt": 0,
                "comingTitle": "1月22日 周日",
                "desc": "主演:苏鑫,王亭文,滕奎兴",
                "dir": "田晓鹏",
                "dur": 112,
                "effectShowNum": 0,
                "followst": 0,
                "globalReleased": true,
                "haspromotionTag": false,
                "headLineShow": false,
                "id": 343521,
                "img": "https://p0.pipi.cn/mmdb/fb73868d9ab51b87a95bf19eb63d497ad565a.jpg?imageMogr2/thumbnail/2500x2500%3E",
                "isRevival": false,
                "late": false,
                "localPubSt": 0,
                "mark": false,
                "mk": 9.1,
                "movieType": 0,
                "nm": "深海",
                "pn": 35,
                "preSale": 0,
                "preShow": false,
                "proScore": 0,
                "proScoreNum": 0,
                "pubDate": 1674316800000,
                "pubDesc": "2023-01-22 09:00中国大陆上映",
                "pubShowNum": 0,
                "recentShowDate": 1675612800000,
                "recentShowNum": 0,
                "rt": "2023-01-22",
                "sc": 9.1,
                "scm": "",
                "scoreLabel": "猫眼购票评分",
                "showCinemaNum": 115,
                "showInfo": "今天115家影院放映432场",
                "showNum": 432,
                "showStateButton": {
                    "color": "#F03D37",
                    "content": "购票",
                    "onlyPreShow": false
                },
                "showTimeInfo": "2023-01-22上映",
                "showst": 3,
                "snum": 390346,
                "star": "苏鑫,王亭文,滕奎兴",
                "totalShowNum": 612,
                "ver": "IMAX 3D/中国巨幕3D/CINITY 3D/3D/4DX",
                "videoId": 493304,
                "videoName": "电影《深海》终极预告，预售已开！孤独的人，我们一同前行",
                "videourl": "https://vod.pipi.cn/fec9203cvodtransbj1251246104/669ba6b9243791578632147681/v.f42905.mp4",
                "vnum": 20,
                "vodPlay": false,
                "wish": 430445,
                "wishst": 0
            },
            {
                "bingeWatch": 0,
                "boxInfo": "上映16天，累计票房79349万",
                "cat": "谍战,悬疑,动作,剧情",
                "civilPubSt": 0,
                "comingTitle": "1月22日 周日",
                "desc": "主演:梁朝伟,王一博,周迅",
                "dir": "程耳",
                "dur": 128,
                "effectShowNum": 0,
                "followst": 0,
                "fra": "美国,加拿大",
                "frt": "2023-02-17,2023-02-17",
                "globalReleased": true,
                "haspromotionTag": false,
                "headLineShow": false,
                "id": 1415196,
                "img": "https://p0.pipi.cn/mmdb/fb73868d807f2ad23c178917d2b6b9cdaf519.jpg?imageMogr2/thumbnail/2500x2500%3E",
                "isRevival": false,
                "late": false,
                "localPubSt": 0,
                "mark": false,
                "mk": 9.1,
                "movieType": 0,
                "nm": "无名",
                "pn": 140,
                "preSale": 0,
                "preShow": false,
                "proScore": 0,
                "proScoreNum": 0,
                "pubDate": 1674316800000,
                "pubDesc": "2023-01-22 09:00中国大陆上映",
                "pubShowNum": 0,
                "recentShowDate": 1675612800000,
                "recentShowNum": 0,
                "rt": "2023-01-22",
                "sc": 9.1,
                "scm": "",
                "scoreLabel": "猫眼购票评分",
                "showCinemaNum": 106,
                "showInfo": "今天106家影院放映303场",
                "showNum": 303,
                "showStateButton": {
                    "color": "#F03D37",
                    "content": "购票",
                    "onlyPreShow": false
                },
                "showTimeInfo": "2023-01-22上映",
                "showst": 3,
                "snum": 372564,
                "star": "梁朝伟,王一博,周迅",
                "totalShowNum": 369,
                "ver": "IMAX 2D/杜比影院 2D/中国巨幕2D/CINITY 2D/2D/4DX",
                "videoId": 493958,
                "videoName": "《无名》后告片首曝对白！解锁电影名场面",
                "videourl": "https://vod.pipi.cn/fec9203cvodtransbj1251246104/5a07313a243791579248473136/v.f42905.mp4",
                "vnum": 10,
                "vodPlay": false,
                "wish": 592362,
                "wishst": 0
            },
            {
                "bingeWatch": 0,
                "boxInfo": "上映16天，累计票房36078万",
                "cat": "喜剧,家庭",
                "civilPubSt": 0,
                "comingTitle": "1月22日 周日",
                "desc": "主演:雷佳音,张小斐,张宥浩",
                "dir": "苏伦",
                "dur": 110,
                "effectShowNum": 0,
                "followst": 0,
                "globalReleased": true,
                "haspromotionTag": false,
                "headLineShow": false,
                "id": 1435030,
                "img": "https://p0.pipi.cn/mmdb/fb73868d0305bfc9fdcf3e0c9ecb3f4454ec0.jpg?imageMogr2/thumbnail/2500x2500%3E",
                "isRevival": false,
                "late": false,
                "localPubSt": 0,
                "mark": false,
                "mk": 8.8,
                "movieType": 0,
                "nm": "交换人生",
                "pn": 46,
                "preSale": 0,
                "preShow": false,
                "proScore": 0,
                "proScoreNum": 0,
                "pubDate": 1674316800000,
                "pubDesc": "2023-01-22 09:00中国大陆上映",
                "pubShowNum": 0,
                "recentShowDate": 1675612800000,
                "recentShowNum": 0,
                "rt": "2023-01-22",
                "sc": 8.8,
                "scm": "",
                "scoreLabel": "猫眼购票评分",
                "showCinemaNum": 97,
                "showInfo": "今天97家影院放映220场",
                "showNum": 220,
                "showStateButton": {
                    "color": "#F03D37",
                    "content": "购票",
                    "onlyPreShow": false
                },
                "showTimeInfo": "2023-01-22上映",
                "showst": 3,
                "snum": 56476,
                "star": "雷佳音,张小斐,张宥浩",
                "totalShowNum": 261,
                "ver": "中国巨幕2D/CINITY 2D/2D",
                "videoId": 493498,
                "videoName": "火热预售中！春节档喜剧《交换人生》终极预告 雷佳音听张小斐跑调演唱《逆光》太好笑",
                "videourl": "https://vod.pipi.cn/fec9203cvodtransbj1251246104/8856af32243791578802029046/v.f42905.mp4",
                "vnum": 16,
                "vodPlay": false,
                "wish": 370906,
                "wishst": 0
            },
            {
                "bingeWatch": 0,
                "boxInfo": "喵，即将上映",
                "cat": "爱情",
                "civilPubSt": 0,
                "comingTitle": "2月14日 周二",
                "desc": "主演:何蓝逗,蔡凡熙,王耀庆",
                "dir": "唐家辉",
                "dur": 97,
                "effectShowNum": 119,
                "followst": 0,
                "globalReleased": false,
                "haspromotionTag": false,
                "headLineShow": false,
                "id": 1454001,
                "img": "https://p0.pipi.cn/mmdb/fb7386be8d3dddecd850c8fbb674974be8e91.jpg?imageMogr2/thumbnail/2500x2500%3E",
                "isRevival": false,
                "late": false,
                "localPubSt": 0,
                "mark": false,
                "mk": 0,
                "movieType": 0,
                "nm": "不能流泪的悲伤",
                "pn": 12,
                "preSale": 1,
                "preShow": false,
                "proScore": 0,
                "proScoreNum": 0,
                "pubDate": 1676304000000,
                "pubDesc": "2023-02-14 09:00中国大陆上映",
                "pubShowNum": 119,
                "recentShowDate": 1676304000000,
                "recentShowNum": 0,
                "rt": "2023-02-14",
                "sc": 0,
                "scm": "情人节约会首选，有爱就不再悲伤",
                "scoreLabel": "暂无评分",
                "showCinemaNum": 0,
                "showInfo": "2023-02-14 下周二上映",
                "showNum": 0,
                "showStateButton": {
                    "color": "#3C9FE6",
                    "content": "预售",
                    "onlyPreShow": false
                },
                "showTimeInfo": "2023-02-14 下周二上映",
                "showst": 4,
                "snum": 312,
                "star": "何蓝逗,蔡凡熙,王耀庆",
                "totalShowNum": 119,
                "ver": "CINITY 2D/2D",
                "videoId": 493984,
                "videoName": "电影《不能流泪的悲伤》曝“相爱要勇敢”预告",
                "videourl": "https://vod.pipi.cn/fec9203cvodtransbj1251246104/41c8f432243791579265003815/v.f42905.mp4",
                "vnum": 3,
                "vodPlay": false,
                "wish": 49090,
                "wishst": 0
            },
            {
                "bingeWatch": 0,
                "boxInfo": "上映45天，累计票房40104万",
                "cat": "爱情,悬疑,奇幻",
                "civilPubSt": 0,
                "comingTitle": "2022年12月24日 周六",
                "desc": "主演:柯佳嬿,许光汉,施柏宇",
                "dir": "黄天仁",
                "dur": 107,
                "effectShowNum": 0,
                "followst": 0,
                "fra": "中国台湾,北美,澳大利亚,新西兰,英国,韩国",
                "frt": "2022-12-30 00:00:00,2023-01-13 00:00:00,2023-01-13 00:00:00,2023-01-13 00:00:00,2023-01-13 00:00:00,2023-01-25 00:00:00",
                "globalReleased": true,
                "haspromotionTag": false,
                "headLineShow": false,
                "id": 1417784,
                "img": "https://p0.pipi.cn/mmdb/fb7386be8d3b123ba3c7ed99ee6b0a93c1797.jpg?imageMogr2/thumbnail/2500x2500%3E",
                "isRevival": false,
                "late": false,
                "localPubSt": 0,
                "mark": false,
                "mk": 8.8,
                "movieType": 0,
                "nm": "想见你",
                "pn": 51,
                "preSale": 0,
                "preShow": false,
                "proScore": 0,
                "proScoreNum": 0,
                "pubDate": 1671811200000,
                "pubDesc": "2022-12-24 09:00中国大陆上映",
                "pubShowNum": 0,
                "recentShowDate": 1675612800000,
                "recentShowNum": 0,
                "rt": "2022-12-24",
                "sc": 8.8,
                "scm": "情人节浪漫限定，想见你约会必备",
                "scoreLabel": "猫眼购票评分",
                "showCinemaNum": 9,
                "showInfo": "今天9家影院放映11场",
                "showNum": 11,
                "showStateButton": {
                    "color": "#F03D37",
                    "content": "购票",
                    "onlyPreShow": false
                },
                "showTimeInfo": "2022-12-24上映",
                "showst": 3,
                "snum": 186261,
                "star": "柯佳嬿,许光汉,施柏宇",
                "totalShowNum": 24,
                "ver": "中国巨幕2D/CINITY 2D/2D",
                "videoId": 492779,
                "videoName": "电影《想见你》“双向奔赴”版预告",
                "videourl": "https://vod.pipi.cn/fec9203cvodtransbj1251246104/68834777243791577900479512/v.f42905.mp4",
                "vnum": 13,
                "vodPlay": false,
                "wish": 567089,
                "wishst": 0
            },
            {
                "bingeWatch": 0,
                "boxInfo": "喵，即将上映",
                "cat": "动作,冒险",
                "civilPubSt": 0,
                "comingTitle": "2月7日 周二",
                "desc": "主演:利蒂希娅·赖特,露皮塔·尼永奥,达娜·贾克赛·古瑞拉",
                "dir": "瑞恩·库格勒",
                "dur": 161,
                "effectShowNum": 766,
                "followst": 0,
                "fra": "荷兰,阿根廷,丹麦,匈牙利,马来西亚,英国,立陶宛,瑞典,土耳其,美国,中国台湾,韩国,比利时,德国,芬兰,法国,香港,意大利,菲律宾,泰国,以色列,爱尔兰",
                "frt": "2022-11-09 00:00:00,2022-11-10 00:00:00,2022-11-10 00:00:00,2022-11-10 00:00:00,2022-11-10 00:00:00,2022-11-11 00:00:00,2022-11-11 00:00:00,2022-11-11 00:00:00,2022-11-11 00:00:00,2022-11-11 00:00:00,2022-11-09 00:00:00,2022-11-09 00:00:00,2022-11-09 00:00:00,2022-11-09 00:00:00,2022-11-09 00:00:00,2022-11-09 00:00:00,2022-11-09 00:00:00,2022-11-09 00:00:00,2022-11-09 00:00:00,2022-11-09 00:00:00,2022-11-10 00:00:00,2022-11-11 00:00:00",
                "globalReleased": false,
                "haspromotionTag": false,
                "headLineShow": false,
                "id": 1218073,
                "img": "https://p0.pipi.cn/mmdb/fb73868dc7e7e1d7c3030c9bff9dd6f6dbe9d.jpg?imageMogr2/thumbnail/2500x2500%3E",
                "isRevival": false,
                "late": false,
                "localPubSt": 0,
                "mark": false,
                "mk": 0,
                "movieType": 0,
                "nm": "黑豹2",
                "pn": 105,
                "preSale": 1,
                "preShow": false,
                "proScore": 0,
                "proScoreNum": 0,
                "pubDate": 1675699200000,
                "pubDesc": "2023-02-07中国大陆上映",
                "pubShowNum": 766,
                "recentShowDate": 1675612800000,
                "recentShowNum": 48,
                "rt": "2023-02-07",
                "sc": 0,
                "scm": "",
                "scoreLabel": "暂无评分",
                "showCinemaNum": 42,
                "showInfo": "今天42家影院放映49场",
                "showNum": 49,
                "showStateButton": {
                    "color": "#3C9FE6",
                    "content": "预售",
                    "onlyPreShow": false
                },
                "showTimeInfo": "2023-02-07 本周二上映",
                "showst": 4,
                "snum": 2945,
                "star": "利蒂希娅·赖特,露皮塔·尼永奥,达娜·贾克赛·古瑞拉",
                "totalShowNum": 1356,
                "ver": "IMAX 3D/杜比影院 3D/中国巨幕3D/CINITY 3D/3D",
                "videoId": 493991,
                "videoName": "《黑豹2》战歌起，明日上映",
                "videourl": "https://vod.pipi.cn/fec9203cvodtransbj1251246104/935de23c243791579086912473/v.f42905.mp4",
                "vnum": 13,
                "vodPlay": false,
                "wish": 295683,
                "wishst": 0
            },
            {
                "bingeWatch": 0,
                "boxInfo": "上映53天，累计票房166249万",
                "cat": "科幻,动作,冒险",
                "civilPubSt": 0,
                "comingTitle": "2022年12月16日 周五",
                "desc": "主演:萨姆·沃辛顿,佐伊·索尔达娜,西格妮·韦弗",
                "dir": "詹姆斯·卡梅隆",
                "dur": 192,
                "effectShowNum": 0,
                "followst": 0,
                "fra": "美国,中国台湾,中国香港,日本",
                "frt": "2022-12-16 00:00:00,2022-12-14 00:00:00,2022-12-15 00:00:00,2022-12-16 00:00:00",
                "globalReleased": true,
                "haspromotionTag": false,
                "headLineShow": false,
                "id": 78461,
                "img": "https://p0.pipi.cn/mmdb/25bfd692e7a51b16bd39dd00dc148aa4d88c4.jpg?imageMogr2/thumbnail/2500x2500%3E",
                "isRevival": false,
                "late": false,
                "localPubSt": 0,
                "mark": false,
                "mk": 9.1,
                "movieType": 0,
                "nm": "阿凡达：水之道",
                "pn": 105,
                "preSale": 0,
                "preShow": false,
                "proScore": 0,
                "proScoreNum": 0,
                "pubDate": 1671120000000,
                "pubDesc": "2022-12-16中国大陆上映",
                "pubShowNum": 0,
                "recentShowDate": 1675612800000,
                "recentShowNum": 0,
                "rt": "2022-12-16",
                "sc": 9.1,
                "scm": "卡神再出动，质量有保证",
                "scoreLabel": "猫眼购票评分",
                "showCinemaNum": 35,
                "showInfo": "今天35家影院放映67场",
                "showNum": 67,
                "showStateButton": {
                    "color": "#F03D37",
                    "content": "购票",
                    "onlyPreShow": false
                },
                "showTimeInfo": "2022-12-16上映",
                "showst": 3,
                "snum": 267248,
                "star": "萨姆·沃辛顿,佐伊·索尔达娜,西格妮·韦弗",
                "totalShowNum": 88,
                "ver": "CINITY 3D/3D",
                "videoId": 492810,
                "videoName": "《阿凡达：水之道》跨年观影首选，用爱和力量迎接崭新一年",
                "videourl": "https://vod.pipi.cn/fec9203cvodtransbj1251246104/7301e4d9243791578062277392/v.f42905.mp4",
                "vnum": 28,
                "vodPlay": false,
                "wish": 1451318,
                "wishst": 0
            },
            {
                "bingeWatch": 0,
                "boxInfo": "喵，即将上映",
                "cat": "剧情,运动",
                "civilPubSt": 0,
                "comingTitle": "2月17日 周五",
                "desc": "主演:邓超,孙俪,许魏洲",
                "dir": "邓超,俞白眉",
                "dur": 137,
                "effectShowNum": 16,
                "followst": 0,
                "globalReleased": false,
                "haspromotionTag": false,
                "headLineShow": false,
                "id": 1298151,
                "img": "https://p0.pipi.cn/mmdb/fb7386be9abb1231397a355aec942cbe8a87d.jpg?imageMogr2/thumbnail/2500x2500%3E",
                "isRevival": false,
                "late": false,
                "localPubSt": 0,
                "mark": false,
                "mk": 9.4,
                "movieType": 0,
                "nm": "中国乒乓之绝地反击",
                "pn": 31,
                "preSale": 1,
                "preShow": true,
                "proScore": 0,
                "proScoreNum": 0,
                "pubDate": 1676563200000,
                "pubDesc": "2023-02-17 09:00中国大陆上映",
                "pubShowNum": 16,
                "recentShowDate": 1675785600000,
                "recentShowNum": 28,
                "rt": "2023-02-17",
                "sc": 9.4,
                "scm": "",
                "scoreLabel": "猫眼点映评分",
                "showCinemaNum": 0,
                "showInfo": "2023-02-17 下周五上映",
                "showNum": 0,
                "showStateButton": {
                    "color": "#3C9FE6",
                    "content": "预售",
                    "onlyPreShow": false
                },
                "showTimeInfo": "2023-02-17 下周五上映",
                "showst": 4,
                "snum": 28237,
                "star": "邓超,孙俪,许魏洲",
                "totalShowNum": 44,
                "ver": "中国巨幕2D/CINITY 2D/2D",
                "videoId": 493990,
                "videoName": "《中国乒乓》技能卡预告点燃“五虎”斗志 元宵“再出发”洋溢笑泪瞬间",
                "videourl": "https://vod.pipi.cn/fec9203cvodtransbj1251246104/5c52ef20243791579272937545/v.f42905.mp4",
                "vnum": 14,
                "vodPlay": false,
                "wish": 250903,
                "wishst": 0
            }
        ],
        "movieIds": [
            1462626,
            1366696,
            1203426,
            1479130,
            343521,
            1415196,
            1435030,
            1454001,
            1417784,
            1218073,
            78461,
            1298151,
            1370082,
            341219,
            1356005,
            1398756,
            1330422,
            1490088,
            1308442
        ],
        "schemaUrl": "maoyan://maoyan.com/filmlist?index=onshow",
        "stid": "576591972453269000",
        "stids": [
            {
                "movieId": 1462626,
                "stid": "576591972453269000_a1462626_c0"
            },
            {
                "movieId": 1366696,
                "stid": "576591972453269000_a1366696_c1"
            },
            {
                "movieId": 1203426,
                "stid": "576591972453269000_a1203426_c2"
            },
            {
                "movieId": 1479130,
                "stid": "576591972453269000_a1479130_c3"
            },
            {
                "movieId": 343521,
                "stid": "576591972453269000_a343521_c4"
            },
            {
                "movieId": 1415196,
                "stid": "576591972453269000_a1415196_c5"
            },
            {
                "movieId": 1435030,
                "stid": "576591972453269000_a1435030_c6"
            },
            {
                "movieId": 1454001,
                "stid": "576591972453269000_a1454001_c7"
            },
            {
                "movieId": 1417784,
                "stid": "576591972453269000_a1417784_c8"
            },
            {
                "movieId": 1218073,
                "stid": "576591972453269000_a1218073_c9"
            },
            {
                "movieId": 78461,
                "stid": "576591972453269000_a78461_c10"
            },
            {
                "movieId": 1298151,
                "stid": "576591972453269000_a1298151_c11"
            }
        ],
        "total": 19
    }
}