{
    "data": {
        "feeds": [
            {
                "alreadyUp": false,
                "commentCount": 0,
                "converterType": 1,
                "dataSource": 1,
                "eventTracking": "video",
                "id": 12919734,
                "images": [
                    {
                        "hight": 1080,
                        "id": 39110,
                        "url": "http://p0.meituan.net/movie/4cd73773c7fbc57bb97e3ace151eed9b198267.jpg",
                        "weight": 1728
                    }
                ],
                "imgCount": 1,
                "onlineTime": 1671441132000,
                "product": {
                    "productId": 1445312,
                    "type": 0
                },
                "shareCount": 83,
                "shareInfo": {
                    "channel": 4,
                    "content": "猫眼电影",
                    "img": "http://p0.meituan.net/movie/4cd73773c7fbc57bb97e3ace151eed9b198267.jpg",
                    "title": "韩国高中太卷了，男生结扎，女生出卖自己，一切都是为了成绩！"
                },
                "style": 4,
                "title": "韩国高中太卷了，男生结扎，女生出卖自己，一切都是为了成绩！",
                "type": 2,
                "upCount": 387,
                "user": {
                    "avatarurl": "http://p0.meituan.net/moviemachine/9463d1bacf769a1d77e89930048a1b6a106304.png",
                    "followed": false,
                    "identification": 1,
                    "nickName": "噔噔悬疑社",
                    "userId": 1019821100105
                },
                "video": {
                    "dur": 686,
                    "height": 720,
                    "id": 12919734,
                    "imgUrl": "http://p0.meituan.net/movie/4cd73773c7fbc57bb97e3ace151eed9b198267.jpg",
                    "url": "https://vod.pipi.cn/fec9203cvodtransbj1251246104/b1027397243791577110493397/v.f42905.mp4",
                    "viewCount": 0,
                    "width": 1278
                }
            },
            {
                "alreadyUp": false,
                "commentCount": 0,
                "converterType": 1,
                "dataSource": 1,
                "eventTracking": "video",
                "id": 12946514,
                "images": [
                    {
                        "hight": 1080,
                        "id": 40690,
                        "url": "http://p0.meituan.net/movie/94c873dc83b0f8e8ab568c6507f30984351605.jpg",
                        "weight": 1920
                    }
                ],
                "imgCount": 1,
                "onlineTime": 1671441806000,
                "product": {
                    "productId": 1252622,
                    "type": 0
                },
                "shareCount": 99,
                "shareInfo": {
                    "channel": 4,
                    "content": "猫眼电影",
                    "img": "http://p0.meituan.net/movie/94c873dc83b0f8e8ab568c6507f30984351605.jpg",
                    "title": "小情侣不慎召唤出丧尸，竟然引得全球大爆炸"
                },
                "style": 4,
                "title": "小情侣不慎召唤出丧尸，竟然引得全球大爆炸",
                "type": 2,
                "upCount": 328,
                "user": {
                    "avatarurl": "https://img.meituan.net/avatar/5212a67f257fe857b4c2eb06f0029e76143203.jpg",
                    "followed": false,
                    "identification": 1,
                    "nickName": "晓杰侃电影",
                    "userId": 214252611
                },
                "video": {
                    "dur": 64,
                    "height": 720,
                    "id": 12946514,
                    "imgUrl": "http://p0.meituan.net/movie/94c873dc83b0f8e8ab568c6507f30984351605.jpg",
                    "url": "https://vod.pipi.cn/fec9203cvodtransbj1251246104/2502e870243791577465105504/v.f42905.mp4",
                    "viewCount": 0,
                    "width": 1278
                }
            },
            {
                "alreadyUp": false,
                "commentCount": 0,
                "converterType": 1,
                "dataSource": 1,
                "eventTracking": "video",
                "id": 12799965,
                "images": [
                    {
                        "hight": 1080,
                        "id": 38083,
                        "url": "http://p0.meituan.net/movie/3a730b88a050bb1fcaf1129fb2991fde230198.jpg",
                        "weight": 1728
                    }
                ],
                "imgCount": 1,
                "onlineTime": 1671242833000,
                "product": {
                    "productId": 405874,
                    "type": 0
                },
                "shareCount": 130,
                "shareInfo": {
                    "channel": 4,
                    "content": "猫眼电影",
                    "img": "http://p0.meituan.net/movie/3a730b88a050bb1fcaf1129fb2991fde230198.jpg",
                    "title": "包拯到底有多刚直？敢同时得罪宰相和将军"
                },
                "style": 4,
                "title": "包拯到底有多刚直？敢同时得罪宰相和将军",
                "type": 2,
                "upCount": 112,
                "user": {
                    "avatarurl": "https://img.meituan.net/avatar/012ccbed448b7d3dacd438183cbca16752771.jpg",
                    "followed": false,
                    "identification": 1,
                    "nickName": "白妹撩影视",
                    "userId": 844880965
                },
                "video": {
                    "dur": 88,
                    "height": 720,
                    "id": 12799965,
                    "imgUrl": "http://p0.meituan.net/movie/3a730b88a050bb1fcaf1129fb2991fde230198.jpg",
                    "url": "https://vod.pipi.cn/fec9203cvodtransbj1251246104/f232c513243791577406564260/v.f42905.mp4",
                    "viewCount": 0,
                    "width": 1278
                }
            },
            {
                "alreadyUp": false,
                "commentCount": 0,
                "converterType": 1,
                "dataSource": 1,
                "eventTracking": "video",
                "id": 13420122,
                "images": [
                    {
                        "hight": 360,
                        "id": 43653,
                        "url": "http://p0.meituan.net/movie/89e9f748e42b8023cc8afa9e7feffc6822780.jpg",
                        "weight": 640
                    }
                ],
                "imgCount": 1,
                "onlineTime": 1671523990000,
                "product": {
                    "productId": 1445196,
                    "type": 0
                },
                "shareCount": 61,
                "shareInfo": {
                    "channel": 4,
                    "content": "猫眼电影",
                    "img": "http://p0.meituan.net/movie/89e9f748e42b8023cc8afa9e7feffc6822780.jpg",
                    "title": "一家四口不要太幸福！没想到高冷的韩京墨背地里是个妻管严"
                },
                "style": 4,
                "title": "一家四口不要太幸福！没想到高冷的韩京墨背地里是个妻管严",
                "type": 2,
                "upCount": 67,
                "user": {
                    "avatarurl": "https://img.meituan.net/avatar/f7bd49c1f27cfc72dc9fdf5e0516732a64457.jpg",
                    "followed": false,
                    "identification": 1,
                    "nickName": "时光豆瓣",
                    "userId": 2857131077
                },
                "video": {
                    "dur": 47,
                    "height": 720,
                    "id": 13420122,
                    "imgUrl": "http://p0.meituan.net/movie/89e9f748e42b8023cc8afa9e7feffc6822780.jpg",
                    "url": "https://vod.pipi.cn/fec9203cvodtransbj1251246104/bae211f1243791577134360941/v.f42905.mp4",
                    "viewCount": 0,
                    "width": 1278
                }
            },
            {
                "alreadyUp": false,
                "commentCount": 0,
                "converterType": 1,
                "dataSource": 1,
                "eventTracking": "video",
                "id": 12919901,
                "images": [
                    {
                        "hight": 360,
                        "id": 38120,
                        "url": "http://p0.meituan.net/movie/ef0775e6b805c275a9d5f3a3f9e4afe339986.jpg",
                        "weight": 640
                    }
                ],
                "imgCount": 1,
                "onlineTime": 1671524199000,
                "product": {
                    "productId": 686,
                    "type": 0
                },
                "shareCount": 139,
                "shareInfo": {
                    "channel": 4,
                    "content": "猫眼电影",
                    "img": "http://p0.meituan.net/movie/ef0775e6b805c275a9d5f3a3f9e4afe339986.jpg",
                    "title": "上世纪中期的爱情有多甜"
                },
                "style": 4,
                "title": "上世纪中期的爱情有多甜",
                "type": 2,
                "upCount": 464,
                "user": {
                    "avatarurl": "https://img.meituan.net/avatar/e63f5311f755370c4cc4857b5068548d55596.jpg",
                    "followed": false,
                    "identification": 1,
                    "nickName": "农夫夸电影",
                    "userId": 1943272096
                },
                "video": {
                    "dur": 608,
                    "height": 720,
                    "id": 12919901,
                    "imgUrl": "http://p0.meituan.net/movie/ef0775e6b805c275a9d5f3a3f9e4afe339986.jpg",
                    "url": "https://vod.pipi.cn/fec9203cvodtransbj1251246104/c8abc3d7243791577134932537/v.f42905.mp4",
                    "viewCount": 0,
                    "width": 1278
                }
            },
            {
                "alreadyUp": false,
                "commentCount": 0,
                "converterType": 1,
                "dataSource": 1,
                "eventTracking": "video",
                "id": 13000879,
                "images": [
                    {
                        "hight": 1080,
                        "id": 41174,
                        "url": "http://p1.meituan.net/movie/6ac21b9b8b48ffd08ded5c5e8dc1ad53169177.jpg",
                        "weight": 1728
                    }
                ],
                "imgCount": 1,
                "onlineTime": 1671158684000,
                "product": {
                    "productId": 369101,
                    "type": 0
                },
                "shareCount": 125,
                "shareInfo": {
                    "channel": 4,
                    "content": "猫眼电影",
                    "img": "http://p1.meituan.net/movie/6ac21b9b8b48ffd08ded5c5e8dc1ad53169177.jpg",
                    "title": "女孩拍私密照勒索母亲，屡教不改，最终酿下惨案！"
                },
                "style": 4,
                "title": "女孩拍私密照勒索母亲，屡教不改，最终酿下惨案！",
                "type": 2,
                "upCount": 296,
                "user": {
                    "avatarurl": "http://p0.meituan.net/moviemachine/9463d1bacf769a1d77e89930048a1b6a106304.png",
                    "followed": false,
                    "identification": 1,
                    "nickName": "噔噔悬疑社",
                    "userId": 1019821100105
                },
                "video": {
                    "dur": 282,
                    "height": 720,
                    "id": 13000879,
                    "imgUrl": "http://p1.meituan.net/movie/6ac21b9b8b48ffd08ded5c5e8dc1ad53169177.jpg",
                    "url": "https://vod.pipi.cn/fec9203cvodtransbj1251246104/4f75239b243791577034726775/v.f42905.mp4",
                    "viewCount": 0,
                    "width": 1278
                }
            },
            {
                "alreadyUp": false,
                "commentCount": 0,
                "converterType": 1,
                "dataSource": 1,
                "eventTracking": "video",
                "id": 12918512,
                "images": [
                    {
                        "hight": 806,
                        "id": 38541,
                        "url": "http://p0.meituan.net/movie/1d51e1fbad14a37aa54ff8a482a97753284311.jpg",
                        "weight": 1289
                    }
                ],
                "imgCount": 1,
                "onlineTime": 1671071858000,
                "product": {
                    "productId": 21723,
                    "type": 0
                },
                "shareCount": 150,
                "shareInfo": {
                    "channel": 4,
                    "content": "猫眼电影",
                    "img": "http://p0.meituan.net/movie/1d51e1fbad14a37aa54ff8a482a97753284311.jpg",
                    "title": "自我出现，你们每个人都有罪《辛普森一家》之戴罪传教"
                },
                "style": 4,
                "title": "自我出现，你们每个人都有罪《辛普森一家》之戴罪传教",
                "type": 2,
                "upCount": 292,
                "user": {
                    "avatarurl": "https://img.meituan.net/avatar/04938d6a58073a6970e80fe6bc22a14287880.jpg",
                    "followed": false,
                    "identification": 1,
                    "nickName": "周扒片",
                    "userId": 90413219
                },
                "video": {
                    "dur": 373,
                    "height": 720,
                    "id": 12918512,
                    "imgUrl": "http://p0.meituan.net/movie/1d51e1fbad14a37aa54ff8a482a97753284311.jpg",
                    "url": "https://vod.pipi.cn/fec9203cvodtransbj1251246104/b2d95865243791577008210323/v.f42905.mp4",
                    "viewCount": 0,
                    "width": 1278
                }
            },
            {
                "alreadyUp": false,
                "commentCount": 0,
                "converterType": 1,
                "dataSource": 1,
                "eventTracking": "video",
                "id": 13079810,
                "images": [
                    {
                        "hight": 1080,
                        "id": 42579,
                        "url": "http://p0.meituan.net/movie/8450684a8976795b202df65f6cafcc7a309173.jpg",
                        "weight": 1728
                    }
                ],
                "imgCount": 1,
                "onlineTime": 1671350620000,
                "product": {
                    "productId": 405874,
                    "type": 0
                },
                "shareCount": 108,
                "shareInfo": {
                    "channel": 4,
                    "content": "猫眼电影",
                    "img": "http://p0.meituan.net/movie/8450684a8976795b202df65f6cafcc7a309173.jpg",
                    "title": "十岁傀儡小皇帝晕倒，包拯说出一个惊天秘密"
                },
                "style": 4,
                "title": "十岁傀儡小皇帝晕倒，包拯说出一个惊天秘密",
                "type": 2,
                "upCount": 105,
                "user": {
                    "avatarurl": "https://img.meituan.net/avatar/012ccbed448b7d3dacd438183cbca16752771.jpg",
                    "followed": false,
                    "identification": 1,
                    "nickName": "白妹撩影视",
                    "userId": 844880965
                },
                "video": {
                    "dur": 74,
                    "height": 720,
                    "id": 13079810,
                    "imgUrl": "http://p0.meituan.net/movie/8450684a8976795b202df65f6cafcc7a309173.jpg",
                    "url": "https://vod.pipi.cn/fec9203cvodtransbj1251246104/1afbe46f243791577441212483/v.f42905.mp4",
                    "viewCount": 0,
                    "width": 1278
                }
            },
            {
                "alreadyUp": false,
                "commentCount": 0,
                "converterType": 1,
                "dataSource": 1,
                "eventTracking": "video",
                "id": 13070057,
                "images": [
                    {
                        "hight": 360,
                        "id": 38675,
                        "url": "http://p0.meituan.net/movie/24cadccbee720c12351fcd9042b7921919308.jpg",
                        "weight": 640
                    }
                ],
                "imgCount": 1,
                "onlineTime": 1671156269000,
                "product": {
                    "productId": 1386528,
                    "type": 0
                },
                "shareCount": 167,
                "shareInfo": {
                    "channel": 4,
                    "content": "猫眼电影",
                    "img": "http://p0.meituan.net/movie/24cadccbee720c12351fcd9042b7921919308.jpg",
                    "title": "终于理解原著为什么叫《不得往生》了，终究都是因果循环"
                },
                "style": 4,
                "title": "终于理解原著为什么叫《不得往生》了，终究都是因果循环",
                "type": 2,
                "upCount": 367,
                "user": {
                    "avatarurl": "https://img.meituan.net/avatar/f7bd49c1f27cfc72dc9fdf5e0516732a64457.jpg",
                    "followed": false,
                    "identification": 1,
                    "nickName": "时光豆瓣",
                    "userId": 2857131077
                },
                "video": {
                    "dur": 72,
                    "height": 720,
                    "id": 13070057,
                    "imgUrl": "http://p0.meituan.net/movie/24cadccbee720c12351fcd9042b7921919308.jpg",
                    "url": "https://vod.pipi.cn/fec9203cvodtransbj1251246104/1dc96255243791577363438413/v.f42905.mp4",
                    "viewCount": 0,
                    "width": 1278
                }
            },
            {
                "alreadyUp": false,
                "commentCount": 0,
                "converterType": 1,
                "dataSource": 1,
                "eventTracking": "video",
                "id": 12919531,
                "images": [
                    {
                        "hight": 720,
                        "id": 37960,
                        "url": "http://p0.meituan.net/movie/3d64b9898d6bfa0951c1fa21034cca7b134949.jpg",
                        "weight": 1152
                    }
                ],
                "imgCount": 1,
                "onlineTime": 1671350495000,
                "product": {
                    "productId": 370508,
                    "type": 0
                },
                "shareCount": 123,
                "shareInfo": {
                    "channel": 4,
                    "content": "猫眼电影",
                    "img": "http://p0.meituan.net/movie/3d64b9898d6bfa0951c1fa21034cca7b134949.jpg",
                    "title": "长得帅就能吸引女老师，肮脏的贵族学校，堕落的花季男女"
                },
                "style": 4,
                "title": "长得帅就能吸引女老师，肮脏的贵族学校，堕落的花季男女",
                "type": 2,
                "upCount": 664,
                "user": {
                    "avatarurl": "https://img.meituan.net/avatar/cf22ad8c4f83ed0cd60216a21f4c948669857.jpg",
                    "followed": false,
                    "identification": 1,
                    "nickName": "可乐撩电影",
                    "userId": 94409110
                },
                "video": {
                    "dur": 694,
                    "height": 720,
                    "id": 12919531,
                    "imgUrl": "http://p0.meituan.net/movie/3d64b9898d6bfa0951c1fa21034cca7b134949.jpg",
                    "url": "https://vod.pipi.cn/fec9203cvodtransbj1251246104/2b63c655243791577441925631/v.f42905.mp4",
                    "viewCount": 0,
                    "width": 1278
                }
            }
        ],
        "paging": {
            "hasMore": true,
            "limit": 10,
            "offset": 15
        },
        "timestamp": 1675692847866
    },
    "success": true
}